"","V1","V2","V3","V4","V5","V6","V7","V8","V9","V10"
"1",3022,3035,3020,3021,3033,3039,2995,3024,3031,2986
"2",2972,2298,2360,2981,2976,2805,2998,2309,2312,2303
"3",1173,1085,1258,1342,963,1229,1279,1451,1317,1370
"4",2954,3033,3003,2945,2953,2989,2994,2897,3034,2995
"5",268,332,189,119,888,173,1447,1392,687,395
"6",2360,2182,2298,86,205,2343,2339,238,2309,2312
"7",40,50,5,98,52,85,2055,46,38,49
"8",2354,2530,2469,212,2279,2579,2532,2383,2256,2465
"9",2802,2306,2823,2734,2783,2295,2845,2307,2363,2351
"10",2910,3022,2995,2905,3000,2950,2961,2763,79,2954
"11",768,897,488,1047,672,837,756,735,1457,963
"12",2298,2397,2358,2393,2380,2441,2439,2477,2400,2309
"13",2298,2349,2360,2309,2312,2358,2393,2380,2441,2446
"14",3007,3013,3038,2961,3000,3020,2915,3021,2963,2827
"15",46,40,2180,1923,1976,2487,1891,55,83,67
"16",2804,2915,2819,2948,2776,2540,2806,2770,2841,2781
"17",1455,1189,1392,1653,1334,1332,1559,1656,853,1304
"18",2624,2019,2797,2074,2214,2303,2743,2810,2783,1951
"19",3038,2574,1796,3039,2879,2571,2565,2521,2733,2516
"20",3003,2840,2879,2854,2895,2966,3034,2884,3015,2977
"21",2349,2540,2309,2312,2288,2521,2360,2414,2268,2281
"22",44,21,40,85,82,238,590,114,1164,545
"23",1334,1455,1122,1447,1344,1264,1170,1261,846,1397
"24",196,28,49,131,159,33,192,58,105,90
"25",2180,2334,2256,2235,2279,2431,2208,1798,2015,2120
"26",2995,3035,2992,3022,3021,3033,3039,2954,2876,2751
"27",2954,3024,3039,2997,2967,2897,2966,2816,3003,3022
"28",1455,1392,1332,1149,1236,247,41,1541,1608,1272
"29",2281,2761,2822,3011,2827,2236,2720,2970,3031,2809
"30",2446,2472,2481,2349,2477,2439,2397,2524,2440,2380
"31",2026,2070,2174,2189,2477,2086,2360,2156,2229,2162
"32",2540,2806,2770,2776,2915,2804,2841,2503,2768,2865
"33",2298,2189,2360,2050,2439,2250,2232,2303,2397,2269
"34",2298,2360,2349,2397,2229,2303,2269,2380,2441,2358
"35",1891,1780,1983,1536,2055,2487,2127,1724,1101,1818
"36",2954,2897,3003,2997,3024,2967,2804,2819,2884,2749
"37",67,83,46,1660,121,110,1641,72,55,285
"38",1455,1653,2155,1541,1608,1149,1392,2329,1558,875
"39",1455,1392,1344,1170,846,1334,140,1189,1303,1332
"40",3001,3003,2881,3036,3018,2895,3014,2904,2962,3034
"41",1147,513,399,1447,853,1304,1628,451,465,1501
"42",3007,2975,2988,3013,2980,2992,2937,2889,2936,3017
"43",199,875,98,853,192,1230,1304,1455,1147,1501
"44",2668,2772,2804,2776,2521,2983,2807,2693,2526,2957
"45",2309,2312,2365,2268,2400,2303,2358,2393,2260,2397
"46",2477,2156,2439,2397,2189,2446,2472,2481,2492,2542
"47",2309,2312,2365,2397,2380,2441,2268,2358,2393,2298
"48",2134,2026,2070,2174,2086,2298,2232,2360,2189,1796
"49",2298,2397,2358,2393,2439,2380,2441,2477,2360,2520
"50",2397,2358,2393,2380,2441,2298,2349,2400,2309,2312
"51",2341,2425,2431,2426,2225,2502,2311,2399,1700,2322
"52",2334,2235,2431,2322,2242,2391,1798,2015,2120,2192
"53",3028,2086,2944,1796,2850,2887,2134,2448,2972,2999
"54",2954,2672,3024,2656,2997,2967,2728,2966,3003,2884
"55",1455,1653,1488,1189,2237,1536,1983,1558,1499,1609
"56",2910,2961,3000,3022,2995,3020,2954,2876,3002,2919
"57",2288,2309,2312,2281,2360,2298,2380,2441,2343,2268
"58",1455,1392,1189,1447,1122,1332,1236,1541,1334,1608
"59",2077,2026,2070,2174,2222,2148,2236,2086,2189,2052
"60",2954,3024,3039,2997,2967,2860,2884,3003,2728,2966
"61",1455,1334,1392,1189,1122,1447,1264,1344,1170,1332
"62",3034,3003,2879,2884,3039,2840,2997,2967,2977,3022
"63",3022,3021,2897,3020,3002,2995,3035,2954,3024,2985
"64",2222,2281,2026,2070,2174,2077,2236,2189,2086,2164
"65",2954,3024,2884,2997,2967,2897,3039,3003,2983,2986
"66",3038,3000,2667,2540,2910,2981,2527,2961,2882,2804
"67",2298,2148,2077,2162,2360,2229,2281,2202,2397,2236
"68",2281,2845,2222,2236,2804,2468,2339,2973,2824,2970
"69",1334,1455,1122,1447,1264,1344,1170,1261,846,1397
"70",2380,2441,839,382,2400,590,2260,1570,2349,2904
"71",40,44,21,55,46,79,53,135,82,9
"72",189,104,1447,118,203,229,1546,214,690,173
"73",2954,3024,3039,2997,2967,3003,2986,3005,3010,3022
"74",2667,2439,2574,2358,2393,2477,2232,2309,2312,2792
"75",1455,1189,1392,1236,1334,1332,1541,1608,851,1382
"76",2281,2236,2288,2438,2349,2343,2222,2182,2624,2535
"77",1501,1147,1628,1447,853,1304,1122,795,893,965
"78",2446,2472,2481,2026,2070,2174,2156,2086,2189,2477
"79",888,21,86,948,145,82,26,190,395,1377
"80",2878,2880,2504,2806,2770,2827,3039,2820,2916,2804
"81",2298,2148,2360,2162,2026,2070,2174,2229,2397,2303
"82",2298,2397,2360,2380,2441,2162,2202,2148,2026,2070
"83",2281,2992,2236,2988,2581,2540,3021,3007,2910,2804
"84",2672,2954,2741,3003,2884,2997,2967,3024,2966,2822
"85",1455,1392,1334,1344,1170,1447,846,140,1332,955
"86",2309,2312,2365,2397,2229,2360,2268,2298,2380,2441
"87",2651,2598,2705,2724,3003,2728,2954,2966,2656,2778
"88",1953,2659,1911,2755,2793,2555,2605,2036,1960,1904
"89",3039,2986,3005,3010,2820,2860,3022,3024,3035,2806
"90",875,1455,853,1304,1501,1119,1155,1392,98,1189
"91",3034,2763,2786,3003,3033,2954,2953,2989,2994,3022
"92",40,265,46,1724,2055,2237,1499,146,110,96
"93",2827,2792,2823,2845,2783,2802,2797,2862,2757,2358
"94",1455,1392,1189,1541,1447,1608,1332,1236,1122,1382
"95",1334,1455,1344,1122,1397,1170,846,1447,1264,1261
"96",2667,2792,2581,2540,2660,2520,2236,2671,2711,2593
"97",1344,1170,846,1334,795,893,965,856,1369,1303
"98",2281,3001,2889,2936,2675,2846,2236,2773,2288,2339
"99",2281,2222,2236,2446,2472,2481,2827,2298,2026,2070
"100",1344,1170,846,1334,795,893,965,856,1264,1303
"101",2303,2269,2229,2309,2312,2365,2214,2268,2360,2189
"102",1455,98,1189,1122,1392,1119,1155,875,1501,1447
"103",1344,1170,846,1334,1455,853,1304,1303,795,893
"104",1236,1455,647,681,1397,1189,735,1334,1269,1354
"105",50,38,56,162,11,65,133,91,39,88
"106",2349,2446,2472,2481,2380,2441,2358,2393,2397,2400
"107",2995,3034,2954,3022,3021,3033,3035,2786,3003,2897
"108",1189,1455,1236,1334,1122,1264,1132,1261,1043,1397
"109",2567,2601,2816,2966,2877,2622,2841,2526,2616,2635
"110",1344,1170,846,1334,1455,795,893,965,1441,856
"111",2281,2349,2446,2472,2481,2397,2477,2380,2441,2439
"112",2236,2358,2393,2365,2711,2400,2214,2802,2303,2757
"113",1455,199,1189,853,1304,1122,1392,192,1230,1447
"114",2954,3024,2997,2967,3039,2728,2966,3003,2986,3005
"115",2303,2269,2229,2309,2312,2365,2214,2380,2441,2268
"116",2349,2397,2365,2380,2441,2446,2472,2481,2360,2309
"117",2309,2312,2365,2397,2298,2360,2162,1796,2026,2070
"118",2281,2236,2298,2288,2438,2343,2349,2360,2182,2358
"119",2397,2380,2441,2298,2309,2312,2365,2162,2360,2229
"120",2189,2214,2303,2229,2309,2312,2365,2050,2479,1763
"121",2298,2397,2358,2393,2380,2441,2349,2400,2477,2439
"122",1455,1541,1608,1549,1392,1236,1332,1269,707,1397
"123",2229,2298,2380,2441,2214,2303,2189,2269,2358,2393
"124",2802,2823,2845,2734,2309,2312,2365,2306,2400,2358
"125",2827,2439,2792,2358,2393,2520,2446,2472,2481,2753
"126",2954,3003,3022,2953,2989,2994,3035,2897,3034,3024
"127",1455,1189,1392,1332,1334,1236,1541,1608,1122,851
"128",846,1344,1170,1334,1455,795,893,965,856,757
"129",2298,1796,2358,2393,2229,2309,2312,2365,2026,2070
"130",2540,2629,2281,2972,2691,2503,2414,2449,2791,2569
"131",2446,2472,2481,2298,2477,2250,2026,2070,2174,2439
"132",2354,2322,2235,2136,2334,2242,2341,2425,2238,1798
"133",2972,2916,2309,2312,2298,2365,2397,2360,2581,2691
"134",1455,1189,1122,1392,1447,1501,1043,1334,1332,1541
"135",1101,1907,1307,2487,2311,1499,2136,1206,2238,55
"136",1455,1189,853,1304,1392,1230,1147,1119,1155,1272
"137",1455,1541,1608,1392,1549,1236,1332,1382,1189,1132
"138",2288,2358,2393,2881,3014,2886,3001,2236,2400,2928
"139",1455,1189,1392,1332,1334,1541,1236,1608,1122,1447
"140",2298,2026,2070,2174,2202,2148,2397,2229,2360,2162
"141",545,778,647,681,590,735,846,1344,1170,1334
"142",2298,2397,2439,2827,1796,2358,2393,2818,2477,2026
"143",2325,2988,2922,2768,2883,2972,2811,2873,2889,2936
"144",2878,2880,2504,2806,2770,2916,2827,2841,2894,2830
"145",1455,1392,1541,1608,1236,1332,1189,1549,1382,1447
"146",1609,2237,907,2318,1488,1512,1405,1618,1826,1536
"147",2298,2397,2380,2441,2229,2358,2393,2202,2360,2162
"148",2889,2936,2919,3001,2902,3039,3000,2715,2380,2441
"149",2229,2303,2269,2214,2309,2312,2365,2189,2360,2298
"150",853,1304,1334,1147,1450,1539,362,875,1455,1171
"151",2354,2180,2172,2383,2286,1940,2487,2244,602,2055
"152",1236,1334,1397,1455,1344,1170,856,1264,846,1189
"153",2387,735,2478,2324,2505,830,2317,2419,2432,2444
"154",2972,2981,2898,2922,2960,2811,2998,2918,2976,3037
"155",2439,2477,2520,2397,2358,2393,2380,2441,2446,2472
"156",1344,1170,1334,846,1455,795,893,965,1264,856
"157",1344,1170,955,846,1334,1455,1225,1357,1450,1539
"158",1455,1189,1392,1334,1332,1236,1541,1608,1122,1618
"159",1189,1455,1334,1236,1392,1122,851,1119,1155,1264
"160",2873,2972,3007,2918,2981,2988,3013,2910,3038,2557
"161",1455,1189,1392,1334,1332,1236,1541,1608,1122,851
"162",2358,2393,2309,2312,2365,2380,2441,2268,2400,2303
"163",1334,1344,1170,846,1455,1264,1261,1397,795,893
"164",1455,1189,1119,1155,1122,1236,98,1392,937,1046
"165",1334,1455,1122,1264,1261,1397,1189,1043,1344,1170
"166",2954,3024,3039,2997,2967,3003,2728,3022,2966,2986
"167",1455,1392,1189,1447,1122,1332,1236,1541,1608,1501
"168",2214,2303,2229,2269,2309,2312,2365,2189,2162,2360
"169",2954,2983,3003,2884,2897,2997,2967,3024,2840,2957
"170",1189,1122,1334,1236,1455,851,1043,1132,1264,1261
"171",2468,3000,2540,2961,3001,2675,2503,2919,3038,2339
"172",67,410,1660,121,217,46,1555,1252,285,1162
"173",2134,1796,2827,2086,2818,2781,2351,2232,2026,2070
"174",465,2387,856,542,479,2421,399,1628,513,415
"175",2954,3024,3039,2997,2967,2986,3005,3010,3022,3033
"176",2281,2360,2303,2236,2269,2298,2309,2312,2349,2365
"177",1643,1684,1752,1669,1503,1550,2072,1322,1825,1742
"178",1147,449,387,399,1738,3,10,1164,926,1171
"179",1455,1392,1189,1447,1122,1541,1332,1608,1236,1334
"180",2354,1826,1940,2322,2172,2055,2244,2514,2136,1529
"181",2354,1826,2180,2136,2238,1529,1688,1733,2172,1617
"182",2214,2303,2365,2309,2312,2162,2762,2360,2358,2393
"183",2298,2397,2360,2358,2393,2380,2441,2303,2269,2400
"184",1455,1189,1392,1122,1332,1447,1236,1541,1608,1334
"185",1455,1392,1189,1979,2057,1332,1541,1236,1608,1334
"186",2309,2312,2365,2397,2360,2691,38,2268,2162,2768
"187",2162,2360,2229,2298,2026,2070,2174,2148,2077,2214
"188",30,1796,2086,2134,2026,2070,2174,3039,2232,42
"189",2802,2845,2862,2214,2222,2303,2879,3003,2823,2479
"190",2397,2380,2441,2358,2393,2298,2400,2439,2309,2312
"191",1334,1344,1170,846,1455,1122,1264,1261,795,893
"192",1236,1455,1269,707,1354,1189,1489,67,410,46
"193",1334,1344,1170,846,1455,140,1264,853,1304,888
"194",2189,2156,2229,2439,2050,2016,2111,2150,2232,2303
"195",2306,2446,2472,2481,2845,2309,2312,2307,2363,2365
"196",2281,2446,2472,2481,2349,2397,2477,2439,2380,2441
"197",2309,2312,2298,2365,2972,2397,2360,2358,2393,2268
"198",2978,2829,3009,2984,2980,2943,2764,2928,2971,2945
"199",2281,2222,2236,2157,2845,2274,2973,2970,2649,2804
"200",2360,2229,2298,2303,2269,2349,2214,2397,2162,2309
"201",2303,2229,2269,2309,2312,2365,2214,2380,2441,2358
"202",3039,2189,3035,2479,2050,2845,2440,2877,2802,2229
"203",2436,2600,2619,2457,2503,2707,2371,2534,2532,2498
"204",1344,1170,846,1334,1455,853,1304,795,893,965
"205",2397,2298,2439,2477,2358,2393,2134,2520,2309,2312
"206",3016,3009,2893,2928,3027,2881,2971,3032,2943,2984
"207",2281,2349,2602,2618,2581,2667,2657,2540,2360,2236
"208",55,46,1101,265,907,221,1334,211,187,1189
"209",2477,2281,2446,2472,2481,2492,2542,2349,2397,2439
"210",2820,2804,2915,2819,2948,3021,2540,2806,2954,2910
"211",2281,2222,2236,2845,2822,2288,2973,2632,2824,2649
"212",1189,1334,55,46,1236,146,1264,211,1261,1344
"213",2954,3024,2997,2967,3003,3039,2910,2820,2966,2728
"214",1189,1334,55,1236,1264,1344,1261,1170,1410,1397
"215",2439,2309,2312,2365,2827,2298,2397,2477,2574,2134
"216",2365,2397,2298,2360,2380,2441,2303,2269,2358,2393
"217",2705,2764,2690,3009,2741,2614,2763,2702,2943,2829
"218",1455,1189,1501,1392,1122,1334,1332,1236,1541,1447
"219",2439,2477,2358,2393,2309,2312,2298,2365,2520,2397
"220",2954,2910,3024,3039,2997,2967,2986,3005,3010,3003
"221",104,118,140,183,1225,148,955,157,119,158
"222",49,92,5,40,168,28,30,58,196,131
"223",2298,2026,2070,2174,2148,2086,2077,2360,2189,2250
"224",1455,1392,1189,1541,1447,1608,1122,1332,1236,66
"225",2222,2281,2236,2189,2446,2472,2481,2026,2070,2174
"226",2919,3001,3000,2889,2936,2820,3039,3021,2910,2804
"227",2916,2857,2703,1796,2134,2878,2880,2504,2827,2901
"228",1455,1189,1122,1392,1447,1501,1332,1043,1334,1236
"229",2360,2309,2312,2349,2298,2380,2441,2268,2400,2446
"230",1147,1164,1779,1111,1304,1974,853,1171,1356,926
"231",2477,2439,2827,2026,2070,2174,2446,2472,2481,2492
"232",2763,2707,2772,2786,2778,2950,2954,2829,2910,2995
"233",3003,2954,2953,2989,2994,3034,2686,2966,2778,2724
"234",2281,2236,2162,2360,2229,2077,2148,2298,2214,2303
"235",2222,2077,2281,2026,2070,2174,2052,2189,2236,2148
"236",2946,2050,2911,2693,2881,2922,2962,2924,2951,2885
"237",2214,2303,2365,2309,2312,2802,2162,2360,2268,2788
"238",2802,2105,2214,2303,2306,2645,3003,2854,2983,2788
"239",1397,1236,1191,647,681,1455,856,1269,757,735
"240",187,55,211,907,221,90,265,1536,1983,146
"241",2349,2229,2214,2380,2441,2446,2472,2481,2303,2269
"242",2954,2884,2997,2967,3024,3039,2897,3003,2983,2804
"243",2910,2992,2975,3022,3017,2954,3021,3035,3024,2988
"244",853,1304,846,1147,1334,1450,1539,1344,1170,1455
"245",1643,2072,1503,1669,923,1550,2189,1322,2229,304
"246",2222,2281,2824,3001,2823,2622,2236,2802,2649,2632
"247",1455,1334,1344,1170,846,1189,1264,1392,1261,795
"248",1455,1392,1272,1119,1155,1236,1332,1541,1608,1189
"249",2189,2229,2446,2472,2481,2349,2214,2156,2269,2016
"250",2802,2590,2830,2664,2638,2692,2697,2857,2550,2306
"251",2303,2269,2309,2312,2365,2229,2268,2380,2441,2360
"252",1455,1189,1122,1392,1334,1447,1236,1043,1332,1501
"253",140,1344,1170,846,114,1334,118,157,183,1455
"254",1796,2026,2070,2174,2086,2156,2189,2134,2878,2880
"255",2298,2397,2202,2162,2360,2229,2380,2441,2358,2393
"256",199,192,875,138,66,98,41,853,1304,30
"257",2229,2360,2214,2303,2269,2189,2298,2309,2312,2349
"258",2026,2070,2174,2086,2189,2134,1796,2298,2360,3039
"259",1455,1189,1334,1122,1236,1332,851,1264,1043,1261
"260",2148,2298,2026,2070,2174,2077,2162,2360,2229,2046
"261",2281,2222,2189,2026,2070,2174,2077,2229,2236,2446
"262",2148,2281,2298,2360,2540,2162,2236,2229,2077,2026
"263",2105,2214,2303,2823,2306,2050,2298,2351,2295,2802
"264",38,50,238,65,85,56,11,145,162,22
"265",2026,2070,2174,2086,2189,2148,2134,2050,2298,2162
"266",2763,2679,3009,2825,1048,1127,2978,1146,2696,2947
"267",140,1608,49,2431,2237,1838,337,265,1455,1488
"268",2354,1780,2172,2286,2055,1940,1728,2127,1826,2244
"269",2380,2441,2358,2393,2400,2349,2439,2298,2360,2260
"270",2479,2862,2845,2802,2877,2788,2859,3039,2222,3034
"271",2341,2425,2431,2426,2322,2285,2466,2429,2394,2203
"272",1501,1122,1623,1683,1447,1303,1334,1043,21,1455
"273",2026,2070,2174,2148,2086,2077,2189,2134,2298,2050
"274",45,111,217,29,34,21,23,26,80,62
"275",2214,2303,2309,2312,2298,2365,2400,2358,2393,2162
"276",2105,2214,2303,2298,2050,2358,2393,2236,2400,2250
"277",2322,2431,90,2316,2426,2392,2341,2425,265,2502
"278",3020,3022,3024,3039,2967,2977,2954,2910,3000,2925
"279",2026,2070,2174,2298,2086,2189,2050,2134,2980,2148
"280",2026,2070,2174,2477,2086,2298,2134,2827,2446,2472
"281",501,545,948,590,875,781,395,439,1377,888
"282",1189,1122,1334,1236,1043,1455,851,1264,1132,501
"283",3024,3039,2954,2986,3005,3010,3022,3035,3020,2925
"284",2439,2477,2298,2358,2393,2520,2446,2472,2481,2380
"285",217,1147,26,408,29,34,875,455,1164,86
"286",2189,2298,2026,2070,2174,2050,1796,2439,2250,2948
"287",2540,2281,2309,2312,2365,2503,2397,2162,2360,2288
"288",1455,41,104,119,875,199,1225,140,955,1392
"289",3003,2966,2954,2879,2996,3015,2928,2993,3025,3012
"290",2214,2303,2309,2312,2365,2162,2360,2268,2298,2358
"291",2281,2298,2349,2148,2397,2477,2202,2358,2393,2380
"292",2397,2298,2380,2441,2358,2393,2349,2309,2312,2400
"293",2026,2070,2174,2281,2086,2189,2222,2298,2050,2134
"294",2879,2832,2896,2931,3015,2802,2933,2917,2890,2867
"295",2026,2070,2174,2189,2086,2050,2134,3035,2016,2111
"296",2281,2026,2070,2174,2189,2162,2360,2229,2446,2472
"297",2358,2393,2309,2312,2365,2400,2268,2298,2792,2214
"298",1344,1170,846,1334,795,893,965,856,1455,1264
"299",2309,2312,2365,2358,2393,2380,2441,2268,2397,2303
"300",1501,1447,1122,387,1334,1455,455,1303,1043,370
"301",2281,2026,2070,2174,2189,2236,2222,2485,2162,2360
"302",2281,2236,2298,2229,2360,2349,2202,2397,2214,2303
"303",1455,1149,1541,1608,1392,1054,1119,1155,41,1549
"304",187,90,1536,1983,146,211,907,1189,55,265
"305",1963,1189,1122,421,1455,1501,387,501,449,1623
"306",2298,2439,2397,2358,2393,2477,2520,2380,2441,1796
"307",2298,2397,2360,2202,2229,2250,2189,2439,2026,2070
"308",55,1499,211,907,2136,1907,2487,2238,265,337
"309",1455,1189,1392,853,1304,875,1332,1122,1119,1155
"310",2281,2446,2472,2481,2026,2070,2174,2477,2189,2222
"311",2250,2105,2214,2303,2222,2298,2358,2393,2050,2823
"312",1101,55,46,2180,2110,1206,67,83,1223,2142
"313",2309,2312,2365,2972,2229,2981,2349,2667,2268,2358
"314",1479,1258,1342,1455,1546,735,1541,1608,1447,1173
"315",846,795,893,965,856,1447,1720,757,545,1344
"316",2397,2298,2439,2358,2393,2380,2441,2477,2520,2400
"317",2189,2026,2070,2174,1796,2050,2086,2156,1792,1986
"318",2298,2360,2397,2134,2358,2393,2309,2312,2303,2026
"319",2026,2070,2174,2148,2077,2086,2189,2134,2298,2050
"320",140,157,183,104,118,853,1304,2208,1344,1170
"321",2446,2472,2481,2397,2477,2439,2349,2400,2827,2309
"322",3003,2996,2993,3025,3012,2886,3015,2945,2977,2775
"323",2824,2804,2845,2973,2915,2970,2749,2819,2649,2948
"324",1344,1170,1720,1608,1334,795,893,965,1838,856
"325",2281,2446,2472,2481,2349,2477,2439,2397,2492,2542
"326",2189,2229,2446,2472,2481,2214,2303,2050,2440,2016
"327",2214,2303,2349,2229,2298,2050,2358,2393,2309,2312
"328",2349,2358,2393,2229,2309,2312,2365,2446,2472,2481
"329",2281,2162,2360,2229,2236,2148,2077,2214,2303,2269
"330",1779,1907,843,1974,2114,780,2251,1369,1798,2015
"331",875,1455,853,1304,1230,1147,1450,1539,192,1189
"332",2530,2763,2549,2579,2532,2484,40,2488,2465,2614
"333",2298,2397,2309,2312,2365,2358,2393,2360,2380,2441
"334",2229,2303,2269,2214,2189,2380,2441,2298,2309,2312
"335",2281,2298,2349,2397,2236,2148,2477,2358,2393,2360
"336",2148,2026,2070,2174,2298,2086,2134,2189,2360,2050
"337",1455,1189,1392,1122,1447,1501,1332,1334,1236,1043
"338",2298,2026,2070,2174,2148,2250,2281,2086,2477,2446
"339",310,217,1107,26,236,1406,991,86,1,832
"340",1455,1236,1541,1608,1392,1189,1332,1549,1354,1269
"341",2802,2823,2616,2635,2687,2788,2590,2830,2664,2845
"342",23,387,455,45,408,449,35,370,385,182
"343",2281,2077,2236,2162,2360,2229,2148,1876,2046,1878
"344",1397,1334,1236,856,1344,1455,1170,757,846,1191
"345",3020,2134,3021,3039,2232,2072,3002,1752,1792,3007
"346",1189,1236,1455,1392,1122,851,501,1334,1132,1261
"347",2134,2298,2397,2581,2667,2827,2309,2312,2358,2393
"348",1455,1397,1541,1608,1334,1392,1191,1441,856,1447
"349",1101,804,728,1307,966,1206,943,832,1113,700
"350",2281,2026,2070,2174,2222,2477,2189,2446,2472,2481
"351",2860,2954,3024,3039,2884,3022,2997,2967,2986,3005
"352",2397,2298,2309,2312,2365,2380,2441,2358,2393,2360
"353",2857,2827,2916,2134,2298,2439,2397,2901,1796,2358
"354",2134,2026,2070,2174,2298,2360,2086,1796,2232,2303
"355",2981,2914,2918,2873,3019,2910,2998,2972,3023,3020
"356",203,189,118,1171,148,955,247,41,1454,183
"357",1455,875,1189,853,1304,1392,1450,1539,1230,1147
"358",2763,2945,2943,2829,2764,2975,3017,2690,2614,2705
"359",2298,2380,2441,2309,2312,2358,2393,2972,2365,2397
"360",2446,2472,2481,2349,2477,2281,2162,2229,2189,2026
"361",2971,2764,3003,2702,2843,2910,2675,3036,2763,2851
"362",217,491,160,547,455,1501,871,513,816,1447
"363",46,55,67,1891,1397,83,1641,221,211,1344
"364",1307,1907,2311,1206,55,2136,2487,2238,1780,1101
"365",399,542,2376,2283,465,2285,2419,2373,479,513
"366",2349,2446,2472,2481,2358,2393,2400,2298,2380,2441
"367",2281,2162,2360,2229,2236,2077,2214,2303,2269,2148
"368",2298,2148,2162,2360,2229,2026,2070,2174,2281,2349
"369",2285,2324,2478,2376,2283,2373,465,2522,2206,2419
"370",1455,1541,1608,1392,1549,1189,1332,1236,1132,1447
"371",1891,2373,2391,2223,46,1641,2487,2419,2136,1818
"372",2358,2393,2309,2312,2365,2288,2757,2750,2812,2268
"373",2298,2397,2358,2393,2380,2441,2439,2360,2477,2026
"374",3039,3035,3024,3038,3023,2995,3000,2954,3022,2986
"375",2222,2281,2236,2298,2164,2446,2472,2481,2477,2250
"376",2341,2425,1609,2233,2318,2237,2426,1700,907,1826
"377",1891,46,83,2391,67,2181,1957,2373,55,2331
"378",3024,2954,3039,2986,3005,3010,3022,2997,2967,3035
"379",2629,2691,2972,2569,2349,2281,2397,2540,2449,2768
"380",2298,2972,2981,2360,2397,3038,2309,2312,2358,2393
"381",2134,2606,2776,2439,2865,2477,2397,2860,2878,2880
"382",2354,2136,2180,2238,2172,1826,2286,2322,2383,2114
"383",2026,2070,2174,2086,2148,2189,1796,2298,2077,2134
"384",1455,1392,1054,1236,1189,1332,1541,1608,1149,1334
"385",3035,3039,3022,3024,2995,3007,3038,3023,2954,3000
"386",2981,3038,2998,2972,2987,3007,2298,2910,2988,2914
"387",846,1344,1170,1334,795,893,965,856,1455,757
"388",2349,2380,2441,2446,2472,2481,2397,2358,2393,2309
"389",1536,1983,1724,2055,1780,55,146,1826,46,265
"390",2281,2349,2400,2358,2393,2236,2288,2446,2472,2481
"391",1334,1344,1170,846,1455,1264,1261,1397,795,893
"392",2360,2972,2298,2309,2312,2365,2303,2269,2397,2981
"393",2306,2827,2446,2472,2481,2307,2363,2351,2792,2845
"394",1488,2237,2431,1499,1838,1206,2341,2425,1609,2334
"395",1189,1122,1236,1043,1334,1455,851,1119,1155,1132
"396",90,89,1979,1189,9,101,1149,2057,1122,40
"397",2763,2707,2772,2992,2786,2777,2778,2656,2751,2688
"398",1334,1344,1170,1455,846,1303,1441,1397,856,1264
"399",3039,3038,3007,3035,3000,3013,3024,3023,2134,3002
"400",1455,1392,1332,1541,1236,1608,1334,1189,1447,1382
"401",2189,2439,2477,2232,2303,2269,1796,2520,2229,2050
"402",1455,1392,1541,1608,1332,1236,1549,1189,1382,1447
"403",3039,3035,3024,2606,3007,3023,2995,3038,2954,3037
"404",2820,2804,2776,2915,2819,2948,2540,3021,2806,2770
"405",2298,2397,2349,2477,2202,2403,2281,2380,2441,2148
"406",2896,2955,2965,2832,2673,2933,2996,2895,2890,2622
"407",1334,1455,1264,1447,1261,1122,1397,1392,1344,1189
"408",3022,3035,2954,3024,3033,2995,2992,3021,2897,2910
"409",3012,2977,1792,2969,3020,3000,2938,2967,1842,1852
"410",2298,2148,2077,2236,2026,2070,2174,2122,2397,2250
"411",2281,2026,2070,2174,2236,2189,2222,2148,2086,2477
"412",322,46,293,55,265,337,410,259,357,1536
"413",1796,2477,2026,2070,2174,2446,2472,2481,2492,2542
"414",1334,1344,1170,846,1264,1261,1122,1397,1189,795
"415",2436,2819,2707,2503,2457,2910,2600,205,3000,2498
"416",3003,2954,2966,2997,2967,2993,3025,2763,3012,3011
"417",1189,1455,1132,1236,1397,1334,1191,851,1332,1122
"418",2281,2026,2070,2174,2446,2472,2481,2222,2298,2236
"419",40,79,53,46,5,44,1798,2015,2120,2192
"420",2540,2503,2581,2667,2660,2657,2438,2602,2618,2636
"421",1455,1541,1608,1236,1392,1119,1155,1549,1332,1189
"422",2978,2980,3009,2829,2937,2984,3011,2943,2993,3025
"423",1344,55,1206,1307,1264,1261,2487,1369,1397,1940
"424",1455,1541,1608,1392,1549,1332,1236,1382,1189,1269
"425",3003,2954,2966,3034,2840,2884,2997,2967,2879,3024
"426",2988,2972,2883,2325,3007,2922,2811,2918,2992,2998
"427",2802,2823,2788,2616,2635,2687,2050,2845,2830,2664
"428",2298,2026,2070,2174,2250,2148,2086,2134,2439,2189
"429",1334,1344,1170,846,1122,1264,1261,795,893,965
"430",2764,2829,2984,2978,2943,3009,2945,2690,3011,2980
"431",1455,1392,1447,1501,1189,1332,1541,1122,1236,1608
"432",2380,2441,2358,2393,2400,2439,2309,2312,2349,2365
"433",1541,1608,1455,1549,1392,1397,1546,1447,1332,1236
"434",2298,2397,2360,2358,2393,2148,2380,2441,2303,2269
"435",2298,2439,2397,2827,2857,2916,2477,2134,2358,2393
"436",2298,2397,1796,2026,2070,2174,2358,2393,2309,2312
"437",2298,2026,2070,2174,2397,2086,1796,2358,2393,2360
"438",2281,2349,2397,2446,2472,2481,2477,2380,2441,2298
"439",1979,2057,1189,1480,1770,1119,1155,1122,1374,1508
"440",2370,1780,2487,2055,1983,1101,1536,55,1798,2015
"441",2214,2303,2105,2298,2400,2250,2358,2393,2050,2309
"442",2148,2077,2162,2360,2229,2298,2026,2070,2174,2046
"443",2802,2823,2734,2845,2783,2896,2862,2735,2306,2295
"444",1455,1189,1392,1334,1344,1170,846,1332,1236,1541
"445",2303,2269,2229,2298,2380,2441,2358,2393,2214,2309
"446",2446,2472,2481,2189,2477,2439,2349,2229,2026,2070
"447",2223,2391,2419,2299,2510,67,46,2331,1641,2241
"448",1455,1189,1122,1334,1236,199,1332,1272,1119,1155
"449",2521,2446,2472,2481,2156,1796,2281,2026,2070,2174
"450",2309,2312,2827,2365,2446,2472,2481,2214,2303,2358
"451",1796,2446,2472,2481,2156,2189,2026,2070,2174,2477
"452",1455,875,853,1304,1392,1147,1225,1450,1539,1119
"453",875,853,1304,1230,1147,1455,1171,1450,1539,1039
"454",2026,2070,2174,2281,2222,2189,2086,3039,2077,2236
"455",2954,3024,2997,2967,3039,3003,2728,2966,2884,2897
"456",2299,2324,2237,2431,2341,2425,2328,2408,2233,1488
"457",2978,2980,3009,2937,3028,3018,3029,2947,2305,2984
"458",2214,2303,2309,2312,2365,2162,2298,2358,2393,2268
"459",2309,2312,2365,2229,2380,2441,2268,2303,2269,2214
"460",2981,2975,2980,3038,2972,2937,2998,3028,3019,2991
"461",2298,2360,2303,2269,2309,2312,2365,2397,2229,2358
"462",2763,2786,3034,3003,2945,2614,2953,2989,2994,2707
"463",2189,2229,2050,2214,2303,2269,2156,2016,2111,2150
"464",2281,2236,2222,2468,2845,3001,2804,2540,2288,2339
"465",3022,2995,2910,2954,3020,2876,3024,3002,2897,2751
"466",2996,2933,2890,2832,3014,2879,2438,2993,3025,3012
"467",1455,1189,1392,192,1501,1122,875,1653,1332,1236
"468",2802,2823,2788,2735,2734,2845,2862,2877,2668,2479
"469",3003,2966,2954,2977,2840,2672,2997,2967,3034,2775
"470",2802,2788,2734,2823,2735,2845,2862,2783,2306,2616
"471",2281,2349,2397,2380,2441,2446,2472,2481,2477,2298
"472",2281,2026,2070,2174,2189,2222,2236,2086,2162,2360
"473",2349,2281,2397,2477,2569,2298,2309,2312,2365,2446
"474",1455,140,118,41,104,955,157,1392,183,1225
"475",2281,2077,2148,2360,2229,2236,2298,2162,2214,2303
"476",2281,2222,2236,2446,2472,2481,2189,2026,2070,2174
"477",2298,2202,2397,2162,2360,2026,2070,2174,2229,2148
"478",2026,2070,2174,2148,2077,2086,2189,2298,2134,2050
"479",2303,2269,2309,2312,2365,2268,2360,2229,2380,2441
"480",3038,2910,3007,3000,3013,2981,3039,3023,3024,3020
"481",2298,2397,2380,2441,2358,2393,2360,2309,2312,2365
"482",1455,1189,1392,1122,1332,1447,1541,1236,1334,1608
"483",1189,1455,1122,1236,1334,1392,851,1043,1264,1132
"484",2972,2981,2667,2960,2660,2309,2312,2365,2918,2998
"485",1334,1264,1261,1344,1170,1397,1122,846,1189,1236
"486",2916,2134,2878,2880,2504,2298,2806,2770,2827,2439
"487",1455,1189,1392,853,1304,875,1122,199,1230,192
"488",2397,2281,2349,2298,2400,2380,2441,2446,2472,2481
"489",1455,1392,1189,1501,1447,1332,1541,1236,1608,1122
"490",3003,2966,2954,2946,2840,2879,2997,2967,2959,3024
"491",513,296,376,362,406,465,451,143,127,408
"492",2487,2322,2334,2114,2354,2238,2180,2251,2391,2341
"493",2998,2972,2981,1796,2988,2918,3007,2960,3038,2325
"494",2309,2312,2365,2358,2393,2400,2268,2214,2303,2397
"495",2236,2298,2281,2202,2397,2162,2077,2360,2229,2222
"496",2977,3012,1792,2969,3003,3022,2993,3025,3039,3015
"497",2189,2229,2446,2472,2481,2016,2111,2150,2156,2026
"498",2436,2457,2503,2600,2532,2534,2619,2632,1932,1649
"499",2281,2446,2472,2481,2026,2070,2174,2521,2655,2877
"500",2298,2397,2439,2134,2309,2312,2365,2358,2393,1796
"501",2397,2298,2380,2441,2358,2393,2439,2309,2312,2477
"502",40,146,187,46,110,1826,90,79,68,53
"503",2728,2966,2997,2967,2954,3003,2820,2860,2816,2884
"504",1455,1236,955,1189,1119,1155,1332,1541,1392,1608
"505",2298,2360,2148,2303,2269,2026,2070,2174,2162,2229
"506",104,140,183,1334,408,853,1455,1304,1344,1170
"507",2349,2281,2397,2309,2312,2365,2162,2380,2441,2446
"508",2477,2026,2070,2174,2298,2446,2472,2481,1796,2542
"509",2446,2472,2481,2189,2477,2439,2349,2229,2524,2440
"510",2298,2397,1796,2162,2360,2202,2229,2349,2569,2477
"511",2298,2439,2827,2477,2358,2393,2303,2232,2269,2520
"512",1796,2026,2070,2174,2988,2325,1752,2972,1792,2086
"513",2954,3003,2567,2601,2983,2884,2897,2840,2997,2967
"514",2298,2397,2309,2312,2365,2358,2393,2360,2268,2380
"515",2881,2962,3014,2904,3004,3001,2946,2288,3036,2947
"516",2993,3025,3012,3003,2969,3030,2977,3024,2974,3039
"517",2972,2981,2998,3007,2298,3038,2918,2960,2360,2873
"518",1455,1189,1392,1122,1332,1334,1236,1447,1541,1608
"519",67,46,83,1891,1641,55,285,2391,110,1660
"520",3003,2954,2840,2966,2884,2997,2967,3024,2879,2854
"521",2309,2312,2365,2268,2380,2441,2229,2303,2397,2972
"522",2981,2972,2998,3038,3007,2691,2987,2918,2988,2768
"523",2954,3003,2966,2997,2967,3024,2910,2728,2598,2927
"524",2734,2823,2802,2845,2824,2783,2928,2622,2673,2797
"525",1189,1455,1122,1334,1236,1392,851,1043,1264,1132
"526",2358,2393,2298,2397,2380,2441,2400,2309,2312,2365
"527",2281,2298,2477,2349,2446,2472,2481,2397,2148,2492
"528",146,187,46,110,151,40,96,1536,1983,211
"529",2303,2269,2309,2312,2365,2358,2393,2298,2229,2268
"530",3022,3035,3021,2995,2992,3033,2954,3020,2910,3024
"531",2521,2281,2477,2446,2472,2481,2542,2156,2569,2349
"532",2446,2472,2481,2281,2477,2439,2349,2397,2524,2440
"533",2910,2992,2954,2987,2981,2843,3017,2873,3023,2988
"534",2222,2281,2026,2070,2174,2077,2236,2086,2189,2148
"535",133,91,93,244,1,113,167,38,124,395
"536",2954,2997,2967,3024,3003,2966,2927,2968,2820,3039
"537",2309,2312,2365,2972,2380,2441,2358,2393,2268,2397
"538",2881,2885,3001,2962,2904,3004,2924,2951,2946,2922
"539",2477,2189,2446,2472,2481,2026,2070,2174,2298,2492
"540",2156,2189,2439,2309,2312,2365,2477,2229,1796,2520
"541",2074,2019,2624,1951,2106,2068,2797,2792,2823,2066
"542",2074,2019,2792,2358,2393,2624,2214,2400,2365,2303
"543",2804,2915,2819,2948,2806,2540,2770,2776,2749,2841
"544",2792,2757,2797,2358,2393,2827,2755,2793,2802,2400
"545",2322,2242,2223,2114,1798,2015,2120,2192,2334,2299
"546",2222,2281,2189,2026,2070,2174,2236,2446,2472,2481
"547",2954,3024,2860,2884,3039,2997,2967,3003,2728,2966
"548",1189,1334,1122,1236,1455,851,1132,1264,1043,1261
"549",2868,3000,2919,2961,2905,2902,2436,2910,2915,3021
"550",3039,3007,3035,3038,3002,3000,3013,2985,3024,2979
"551",2477,2281,2446,2472,2481,2349,2492,2397,2542,2439
"552",1122,1334,1344,1447,1170,846,1455,1043,1094,1264
"553",2229,2380,2441,2214,2303,2400,2269,2309,2312,2439
"554",90,1455,501,7,196,187,40,32,33,1189
"555",2281,2349,2397,2309,2312,2365,2162,2360,2229,2380
"556",2569,2592,2492,2542,3028,2602,2618,2349,2524,2440
"557",2439,2298,2397,2477,2818,1796,2358,2393,2520,2380
"558",2281,2446,2472,2481,2477,2492,2349,2542,2439,2397
"559",2309,2312,2365,2268,2380,2441,2303,2269,2229,2400
"560",40,146,46,110,187,55,151,5,9,90
"561",2910,2882,2768,2593,2540,2671,2667,3000,2711,2806
"562",2026,2070,2174,2189,2281,2222,2086,2162,2360,2229
"563",2026,2070,2174,2134,2086,2298,2360,1796,2189,2148
"564",2281,2675,2236,2349,2846,2222,3001,2288,2773,2975
"565",1779,1770,1846,1979,1974,1508,2146,2196,1232,1399
"566",1488,1838,1608,2431,2237,1455,1617,265,337,1609
"567",1149,51,104,76,119,189,1114,203,150,41
"568",2436,2503,2457,2593,2667,2540,2671,2711,2910,2685
"569",2358,2393,2309,2312,2365,2400,2397,2268,2298,2214
"570",1608,1541,1455,1397,1549,1546,1392,1441,856,757
"571",2334,1798,2015,2120,2192,2235,2223,2242,2391,2324
"572",2189,3039,2229,2232,2303,2269,3035,2439,2156,3038
"573",2945,2829,2984,2943,3017,2954,2764,3003,2910,2975
"574",2446,2472,2481,2281,2156,2477,2026,2070,2174,2439
"575",3039,3038,3035,2298,3000,3007,2360,3024,2876,2232
"576",1455,1392,1189,501,199,1122,1447,1304,853,376
"577",2298,2629,3028,2739,2648,2835,2795,2604,2850,2887
"578",1455,1392,1541,1608,1332,1236,1549,1382,1189,1447
"579",3003,2567,2601,2954,2983,2840,2884,2997,2967,2966
"580",2281,2236,2360,2229,2298,2162,2077,2349,2397,2202
"581",2026,2070,2174,2148,2189,2086,2162,2360,2229,2134
"582",2309,2312,2365,2358,2393,2298,2303,2269,2380,2441
"583",2281,2222,2236,2576,2973,2845,2804,2970,2915,2468
"584",3024,2954,3039,2860,2986,3005,3010,2966,3022,2816
"585",2954,2860,2806,2997,2967,2897,3024,2820,2910,3003
"586",2763,3033,2651,2995,3022,3021,3034,2786,3035,2707
"587",2281,2236,2349,2991,2288,2999,2675,3028,3019,2182
"588",2309,2312,2365,2298,2397,2358,2393,2380,2441,2360
"589",2540,2468,2503,2521,3000,2422,2882,3038,2527,2479
"590",1455,1189,1392,1236,1119,1155,1122,1332,1334,1541
"591",2281,2162,2360,2229,2077,2236,2148,2046,2214,2303
"592",2832,2896,2931,2917,2369,2622,2996,2928,2437,2775
"593",2281,2229,2360,2298,2148,2077,2214,2303,2269,2236
"594",2229,2303,2269,2189,2380,2441,2214,2309,2312,2365
"595",2830,2878,2880,2504,2477,2806,2770,2827,2857,2550
"596",2309,2312,2365,2268,2358,2393,2667,2214,2303,2288
"597",2189,2229,2016,2111,2150,2156,2214,2232,2303,2269
"598",2229,2281,2360,2214,2303,2269,2162,2189,2236,2298
"599",2189,2229,1643,2016,2111,2150,2156,2439,2050,1796
"600",2298,2360,2134,2026,2070,2174,2303,3038,2269,2232
"601",1334,1344,1455,1170,846,1264,1261,1397,795,893
"602",2349,2397,2380,2441,2446,2472,2481,2281,2400,2298
"603",2298,2397,2439,2358,2393,2026,2070,2174,1796,2250
"604",2026,2070,2174,3039,2086,2878,2880,2504,2948,2820
"605",2306,2307,2363,2351,2252,2295,2124,2301,2167,2827
"606",2334,2322,1826,2136,2341,2425,2514,2238,1733,2299
"607",2823,2802,3003,2879,2845,2933,2250,2890,2222,2840
"608",2540,2503,2667,2768,2882,2593,2910,2671,2711,2907
"609",3039,2954,3035,3003,2995,3024,3026,2884,3000,3034
"610",2980,2978,3009,2937,3011,3031,2984,2829,3029,2305
"611",192,332,66,396,875,278,300,1149,199,138
"612",3039,3035,2983,2995,2954,2804,2521,3037,3024,2772
"613",2540,2503,2910,2436,2457,2882,2691,2768,2593,2860
"614",2360,2303,2269,2298,2309,2312,2365,2397,2229,2268
"615",1236,1455,1189,46,1334,1410,67,1397,1354,1252
"616",2776,199,138,1796,2026,2070,2174,2860,2878,2880
"617",2298,2439,2397,2477,2134,2086,2358,2393,2026,2070
"618",2281,2077,2236,2360,2229,2162,2164,2222,1876,2298
"619",1455,1447,1392,1541,1608,1334,1236,1122,1189,1332
"620",2827,2439,2309,2312,2358,2393,2365,2792,2232,2477
"621",2026,2070,2174,2134,2298,2086,2360,2189,3039,2050
"622",1455,1334,1447,1122,1392,1264,1397,1261,1189,1344
"623",2438,2996,2524,2720,2685,2377,2281,2489,2929,2455
"624",94,217,26,29,34,21,160,127,184,163
"625",3039,3024,3022,3020,2986,3005,3010,3035,3021,2954
"626",2397,2298,2380,2441,2358,2393,2349,2477,2400,2281
"627",1455,1392,1189,1332,1230,1236,1541,1608,1334,1122
"628",1455,1122,1447,1501,1334,1043,1189,1392,1264,1261
"629",56,93,875,104,948,39,199,70,30,119
"630",1455,1189,1392,1332,1541,1236,1608,1334,1653,853
"631",1334,1122,1264,1261,1397,1189,1344,1170,1043,846
"632",2298,2439,2397,2134,2477,2026,2070,2174,2358,2393
"633",2757,2750,2309,2312,2802,2365,2812,2982,2358,2393
"634",2439,2477,2298,2397,2520,2916,2380,2441,2446,2472
"635",2860,3024,2954,2806,3039,2910,2820,2986,3005,3010
"636",3034,2705,3003,2953,2989,2994,2831,3009,2763,2840
"637",1455,1392,1541,1608,1332,1236,1549,1382,1354,1189
"638",2910,2975,2954,2981,2992,3024,3017,3000,2820,2987
"639",1796,2229,2189,2026,2070,2174,2162,2156,1752,2214
"640",67,217,23,46,83,285,121,80,21,215
"641",853,140,104,1019,157,888,183,1039,38,118
"642",1455,118,183,104,1541,140,1608,1392,955,1303
"643",2439,2309,2312,2477,2365,2520,2156,2380,2441,2446
"644",2229,2189,2214,2303,2269,2309,2312,2365,2156,2380
"645",1173,1085,1317,1258,1342,1334,1397,569,1219,1465
"646",2281,2162,2236,2360,2229,2077,2214,2303,2269,2148
"647",1455,1501,192,1189,199,1122,1392,501,875,1447
"648",1147,875,1164,853,1304,1238,1245,1356,29,34
"649",1455,1189,1392,1122,1332,1236,1334,1541,1447,1608
"650",2281,2540,2309,2312,2349,2365,2503,2397,2288,2162
"651",875,199,98,192,853,1304,1455,1230,1147,1377
"652",3039,3038,3035,3024,2804,3000,3007,3023,2954,3026
"653",1455,1541,1608,1392,1447,1549,1332,1546,1236,1666
"654",3022,3033,3035,2995,2897,2954,3021,3024,3020,3002
"655",2309,2312,2365,2268,2397,2400,2214,2303,2358,2393
"656",3039,2977,3003,2986,3005,3010,3022,3020,3035,3038
"657",1455,1392,1189,1332,1122,1447,1236,1541,1608,1334
"658",2298,2360,2303,2269,2148,2397,2309,2312,2365,2162
"659",3022,2995,2954,3021,3035,2897,3033,3024,3020,2967
"660",1796,2189,2050,1792,2026,2070,2174,2016,2111,2150
"661",2298,2397,2309,2312,2134,2365,2358,2393,2439,1796
"662",2134,1796,2781,2818,2527,2298,2026,2070,2174,2086
"663",853,1304,1147,1450,1539,875,1334,1171,1455,1019
"664",3003,3015,2996,2966,3034,2954,2993,3025,3012,2977
"665",2281,2397,2349,2298,2380,2441,2477,2358,2393,2343
"666",853,1304,875,1230,1147,1450,1539,1455,199,192
"667",2691,2972,2768,2629,2873,2981,2838,2530,2026,2070
"668",1455,1189,1122,1392,1447,1236,1334,1501,1043,1332
"669",1334,853,1304,1455,1450,1539,1570,1122,1147,1019
"670",2397,2298,2439,2358,2393,2380,2441,2477,2309,2312
"671",1455,1447,1334,1122,1397,1392,1344,1170,1264,846
"672",1455,1501,1623,1683,1963,1189,1122,1392,1164,1147
"673",2189,2446,2472,2481,2229,2050,2440,2477,2349,2439
"674",2910,2954,3024,2997,2967,3039,3003,3000,2966,2884
"675",846,1344,1170,1334,1455,795,893,965,856,1303
"676",1455,1189,1392,1122,1447,1332,1236,1541,1334,1608
"677",2222,2281,2236,2446,2472,2481,2164,2189,2026,2070
"678",1447,1628,1501,513,399,465,1570,1546,1392,1685
"679",98,1455,1501,1392,1189,192,1749,1447,1122,1236
"680",1455,1189,1392,1122,1447,1334,1332,1236,1541,1608
"681",41,1455,1541,1608,1171,875,1392,1549,1447,1546
"682",2477,2026,2070,2174,2281,2446,2472,2481,2542,2298
"683",2569,2516,2521,2492,2402,2540,2542,2592,2602,2618
"684",2439,2309,2312,2477,2365,2520,2574,2232,2358,2393
"685",2182,2236,3001,2288,2360,2380,2441,2298,2975,3009
"686",3028,2438,2980,3038,2086,2924,2951,3019,2026,2070
"687",2134,1796,2298,2397,2439,2309,2312,2365,2781,2232
"688",2439,2477,2156,2309,2312,2520,2365,2380,2441,2189
"689",55,46,2487,221,211,2238,2136,907,110,72
"690",90,1189,1236,187,322,220,1618,501,55,1122
"691",1132,1189,1236,1397,1455,1541,1608,1119,1155,1479
"692",1455,1541,1608,1392,1549,1447,1236,1332,1189,1546
"693",3035,3022,2995,3021,3033,2954,2992,3039,3024,2897
"694",2975,3031,3011,2945,2984,2829,3009,3021,3017,2980
"695",2026,2070,2174,2189,2222,2281,2077,2086,2162,2360
"696",2354,2318,1826,2136,2311,2238,2707,2237,2322,2496
"697",2026,2070,2174,2298,2148,2077,2086,2189,2134,2360
"698",2309,2312,2303,2365,2269,2439,2818,2189,2380,2441
"699",3024,3039,2954,3022,2986,3005,3010,3035,2997,2967
"700",3038,3039,3024,3020,3000,3021,2977,3022,2986,3005
"701",2236,2281,2077,2039,2222,2122,2298,2090,2164,2037
"702",1455,1189,1392,1332,1236,1541,1608,1334,1382,851
"703",1455,1392,1189,1332,1236,1541,1608,1122,1334,1447
"704",1796,2134,2086,2026,2070,2174,2781,2527,3007,2574
"705",2222,2281,2236,2164,2026,2070,2174,2446,2472,2481
"706",2250,2860,2086,2878,2880,2026,2070,2174,2504,2865
"707",2298,2360,2303,2269,2148,2397,2309,2312,2365,2358
"708",2763,2705,3009,3011,2943,2984,2829,3003,2945,2764
"709",2309,2312,2365,2303,2269,2229,2268,2380,2441,2360
"710",2214,2303,2229,2360,2162,2309,2312,2365,2269,2077
"711",1455,1447,1392,1122,1189,1332,1334,1236,1501,1541
"712",1455,1541,1608,1392,1236,1549,1332,1447,1189,1546
"713",55,1101,40,187,265,1307,221,211,1206,337
"714",2763,2954,2910,2897,2707,2772,3023,2967,3024,2786
"715",2763,2707,2817,2954,2433,2910,2992,2530,2651,2691
"716",1488,1608,1455,1536,1983,2237,1838,1609,1749,1549
"717",2358,2393,2236,2214,2303,2365,2298,2400,2019,2802
"718",2954,3003,2966,2840,2884,3024,2997,2967,2879,2983
"719",2977,3020,3022,3012,3039,3003,3021,3011,2820,2967
"720",2705,2741,2763,2844,2943,2984,2945,3011,2831,3009
"721",2354,2600,2433,2318,2267,2412,2707,2579,2532,40
"722",2229,2303,2269,2214,2309,2312,2365,2360,2189,2298
"723",2672,2884,2954,3003,2897,2997,2967,3039,2983,3024
"724",2881,2962,2947,3004,2303,2904,2946,3001,2889,2936
"725",875,98,199,853,1304,192,1230,1147,1455,1450
"726",2026,2070,2174,2156,2189,2086,2439,2397,2309,2312
"727",2446,2472,2481,2050,2440,2189,2306,2802,2222,1986
"728",1334,1455,1122,1264,1261,1447,1397,1189,1043,1392
"729",2954,3003,2997,2967,3024,2598,2966,2707,2672,3034
"730",2026,2070,2174,2189,2086,2077,2162,2360,2229,2134
"731",1455,1189,1392,1122,1447,1332,1501,1541,1236,1608
"732",1189,1455,1122,1236,1334,1392,1043,1132,1332,1264
"733",2086,2026,2070,2174,2134,2189,2016,2111,2150,2878
"734",1455,1392,1541,1608,1332,1236,1549,1382,1189,1447
"735",2439,2298,2397,2477,2520,2380,2441,2358,2393,2446
"736",2865,2567,2601,3039,2588,2841,2721,2954,2622,2768
"737",2229,2281,2162,2214,2303,2269,2349,2360,2236,2189
"738",2189,2229,2439,2477,2156,2214,2303,2520,2269,2016
"739",2954,2668,3003,3034,2915,2983,2948,2966,2804,2749
"740",2303,2269,2309,2312,2365,2360,2229,2380,2441,2268
"741",2995,3022,2707,3033,3021,2954,2992,3035,3034,2763
"742",2026,2070,2174,2189,2077,2086,2222,2236,2162,2360
"743",1189,146,40,1334,730,602,1236,1243,1122,674
"744",1796,2439,2397,2026,2070,2174,2477,2156,2086,2520
"745",3003,2831,2826,3034,2844,2840,2822,2705,3015,2996
"746",3022,2995,2954,2897,3024,2967,3033,2910,2786,3035
"747",2229,2214,2303,2269,2349,2309,2312,2365,2189,2268
"748",2309,2312,2365,2972,2268,2380,2441,2303,2269,2981
"749",1455,1392,1189,1501,1447,1122,1541,1608,1332,1236
"750",1344,1170,846,1334,795,893,965,856,1303,757
"751",2077,2162,2360,2229,2236,2148,2214,2303,2269,2052
"752",2397,2298,2380,2441,2439,2358,2393,2477,2400,2520
"753",2229,2303,2269,2380,2441,2298,2214,2360,2397,2400
"754",3003,2840,2567,2601,2983,2879,2954,2966,2884,2616
"755",2439,2380,2441,2397,2477,2298,2358,2393,2229,2520
"756",2439,2380,2441,3001,2250,2520,2288,3009,2358,2393
"757",1455,1189,1501,1122,1392,66,199,1447,30,192
"758",1455,1189,1122,1392,1447,1501,1332,1043,1334,1541
"759",192,199,1455,138,1501,1149,66,501,1189,101
"760",1189,1122,1043,1334,1236,1455,1132,1264,1261,1119
"761",1236,1455,1354,1189,1392,1269,707,1334,861,931
"762",2954,3024,2997,2967,3039,3003,2884,2703,2728,2897
"763",1796,1643,2189,1792,1684,1503,1625,2229,1550,2036
"764",86,38,136,65,133,91,145,177,29,34
"765",1334,1122,1455,1344,1447,1170,846,1264,1261,1043
"766",2281,2446,2472,2481,2349,2397,2477,2439,2440,2524
"767",2026,2070,2174,2086,2298,2189,2156,2397,2134,2077
"768",2229,2189,2303,2214,2269,2309,2312,2365,2156,1796
"769",2222,2281,2189,2236,2026,2070,2174,2446,2472,2481
"770",2823,2802,2845,2734,2718,2783,2759,2306,2361,2799
"771",1455,1304,853,875,1230,1147,1450,1539,1392,1171
"772",2360,2298,2303,2269,2309,2312,2365,2397,2268,2229
"773",1344,1170,846,1334,1304,1455,795,893,965,1303
"774",3009,2945,2943,2844,2984,3016,3027,2971,2766,2767
"775",1334,1344,1170,846,1264,1261,795,893,965,1397
"776",2954,3024,3003,2997,2967,3039,2820,2966,2986,3005
"777",1122,1334,1019,1447,1455,1164,1043,1264,853,1304
"778",2866,2983,2911,2922,2946,2816,1904,2954,2807,3026
"779",2827,2222,2845,2783,2446,2472,2481,2189,2077,2026
"780",875,199,853,1304,98,1230,1147,192,1377,1450
"781",2026,2070,2174,2189,2077,2086,2360,2148,2162,2229
"782",2397,2380,2441,2309,2312,2229,2298,2365,2360,2400
"783",2910,3001,2889,2936,2820,2236,2954,3031,2975,2764
"784",2446,2472,2481,2827,2845,2477,2439,2349,2189,2156
"785",1189,1334,146,602,1243,46,674,1264,110,1261
"786",2446,2472,2481,2189,2281,2222,2026,2070,2174,2477
"787",2309,2312,2365,2540,2397,2162,2360,2229,2288,2298
"788",1455,1334,1264,1344,1261,1392,1170,1397,846,955
"789",1780,1826,2055,2127,1907,2136,2238,2494,1536,1983
"790",2229,2303,2214,2269,2162,2360,2298,2189,2309,2312
"791",1455,1541,1608,1392,1236,1397,1549,1447,1334,1332
"792",1628,513,1623,1683,2341,2425,1447,2431,2435,1392
"793",2802,2823,2735,2845,2734,2788,2862,2222,2250,2783
"794",2189,2229,2050,2156,2026,2070,2174,2016,2111,2150
"795",2309,2312,2298,2365,2397,2360,2358,2393,2268,2026
"796",1876,1878,1959,1975,2843,2946,2959,2851,2975,3001
"797",1447,1122,1455,1334,1043,1264,1344,1170,1261,1501
"798",1189,1122,1043,1334,1236,1455,851,1264,1132,1261
"799",2823,2734,2250,2222,2802,2845,2783,2236,2400,1993
"800",2026,2070,2174,2189,2281,2446,2472,2481,2156,2086
"801",2397,2298,2380,2441,2358,2393,2309,2312,2365,2360
"802",473,1236,1455,1189,1397,1334,581,499,1243,955
"803",2026,2070,2174,2134,2298,2086,2360,2189,3039,2050
"804",1344,1170,846,1334,795,893,965,856,1303,757
"805",2309,2312,2365,2397,2360,2298,2268,2380,2441,2303
"806",2229,2380,2441,2214,2303,2269,2189,2400,2439,2309
"807",2298,2397,2358,2393,2380,2441,2439,2400,2477,2309
"808",513,465,399,856,795,893,965,2324,1334,956
"809",1455,1392,1189,1122,1447,1332,1236,1541,1608,1334
"810",2281,2189,2162,2229,2026,2070,2174,2360,2446,2472
"811",86,177,136,888,29,34,140,948,89,238
"812",3022,2995,3021,3035,3033,2954,3034,2897,3024,2997
"813",2229,2214,2303,2269,2349,2189,2281,2298,2050,2309
"814",2189,1796,2439,2229,2156,2477,2050,2303,2818,2269
"815",1796,2026,2070,2174,2156,2878,2880,2504,2189,2288
"816",2540,2457,2804,2820,2806,2776,2819,2915,2910,2770
"817",2281,2349,2446,2472,2481,2397,2477,2380,2441,2439
"818",2026,2070,2174,2086,2189,2050,2134,2298,2229,1796
"819",2026,2070,2174,2189,2162,2360,2229,2086,2298,1796
"820",2439,2380,2441,2358,2393,2477,2397,2520,2400,1796
"821",2148,2298,2360,2303,2269,2077,2026,2070,2174,2162
"822",1344,1170,846,1334,1455,795,893,965,1441,856
"823",1455,1392,1189,1447,1122,1332,1541,1236,1608,1043
"824",3003,2954,2966,2840,2775,2879,2897,2884,2816,3024
"825",1455,1189,1392,853,1304,1334,1122,1332,1236,1541
"826",2540,2503,2309,2312,2365,2397,2162,2360,2229,2288
"827",1796,2156,2446,2472,2481,2189,2086,2571,2026,2070
"828",1455,1189,1392,1122,1332,1334,1236,1447,1541,1608
"829",2298,2026,2070,2174,2134,2086,2360,1796,2948,2189
"830",2446,2472,2481,2477,2439,2349,2440,2524,2492,2520
"831",2298,2148,2026,2070,2174,2360,2229,2162,2397,2077
"832",2026,2070,2174,2156,2086,2189,2439,2134,2162,2360
"833",2438,2521,2540,2468,2229,2360,2602,2618,2422,2660
"834",1608,1488,1455,1838,337,265,1549,2431,49,2237
"835",2358,2393,2400,2309,2312,2365,2214,2298,2303,2397
"836",2802,2823,2845,2734,2306,2735,2222,2788,2827,2783
"837",2360,2298,2975,2303,2981,2269,2924,2951,2309,2312
"838",2026,2070,2174,2086,3007,2134,3038,2948,3039,2189
"839",3009,2980,3011,2937,2975,2984,2978,3008,2947,2934
"840",1455,1189,1122,1332,1236,1392,501,1501,90,1447
"841",2540,2503,2910,2820,2806,2804,2915,2770,2819,2948
"842",2439,2477,2380,2441,2970,2358,2393,2520,2446,2472
"843",1455,1334,1122,1189,1447,1344,1392,1170,1264,846
"844",2086,2232,2016,2111,2150,1796,2948,2134,1752,2189
"845",2214,2229,2303,2309,2312,2365,2360,2269,2162,2189
"846",2077,2148,2298,2162,2360,2229,2046,2026,2070,2174
"847",1455,1392,853,1304,1189,875,1332,1119,1155,1236
"848",2026,2070,2174,2189,2222,2281,2050,2086,1876,2156
"849",2026,2070,2174,2086,1796,2189,2134,2050,2298,2156
"850",2439,2298,2026,2070,2174,2189,2397,2477,2360,2520
"851",2298,2397,2358,2393,2360,2380,2441,2303,2448,2269
"852",2189,2229,2016,2111,2150,2156,2232,2214,2303,2269
"853",2540,2503,3001,2804,2479,3000,2436,2889,2936,2667
"854",2980,3007,2975,2937,3013,3009,3020,2978,3011,3021
"855",2222,2734,2823,2105,2250,2214,2303,2802,2236,2845
"856",948,104,395,545,140,1450,1539,459,888,1377
"857",1455,875,853,1304,98,1119,1155,1230,1147,1392
"858",1455,1189,1392,1122,1447,1501,1332,1334,1236,1541
"859",588,2309,2312,2365,304,419,1002,948,2380,2441
"860",1455,1392,1541,1608,1189,1447,1332,1236,1549,1122
"861",2360,2298,2303,2309,2312,2397,2269,2365,2268,2349
"862",2823,2734,2802,2845,2783,2827,2753,2222,2306,2669
"863",2954,2884,2672,2997,2967,2804,3003,3024,2897,2983
"864",853,1304,1450,1539,1147,1019,875,1334,1171,1344
"865",3003,2946,2966,2954,2959,2840,2977,3001,2843,3024
"866",1541,1608,1455,1549,1392,1332,1546,1236,1447,1397
"867",1189,1334,1122,1236,1455,1264,1261,851,1397,1043
"868",2365,2349,2309,2312,2229,2602,2618,2268,2380,2441
"869",2954,3024,2728,2997,2967,3039,2966,3003,2927,2968
"870",1455,1392,1541,1608,1189,1332,1236,1549,1447,1122
"871",1455,1447,1334,1450,1539,1122,1344,1170,1225,140
"872",1653,1536,1558,1983,1455,1529,1688,1488,2237,1391
"873",2281,2148,2236,2077,2162,2360,2229,2052,2046,2298
"874",875,1455,1501,853,1304,98,1189,1230,1147,1119
"875",875,1455,853,1304,1189,1230,1147,199,1392,98
"876",465,2324,2478,399,2285,1447,2522,513,2387,1628
"877",46,23,67,215,110,161,83,96,40,35
"878",2156,2602,2618,2189,2349,2074,2309,2312,2365,2659
"879",3009,2984,2829,2978,2947,2943,2945,2980,3011,2971
"880",2707,2954,2763,2778,2686,2897,2651,2656,2786,2672
"881",2629,2530,2691,2838,2298,2860,2878,2880,2504,2633
"882",1189,1122,1334,1043,1236,1455,851,1132,1264,1261
"883",3022,2954,2995,3035,3021,3033,2897,2992,3024,3034
"884",812,1383,690,541,492,732,923,1221,1057,855
"885",1455,875,1392,853,1304,1541,1608,1171,1119,1155
"886",1455,1392,1541,1608,1332,1236,1447,1382,1549,1189
"887",2026,2070,2174,2086,2189,2077,2134,2050,2148,2298
"888",2521,2477,2446,2472,2481,2524,2086,2414,2492,2281
"889",3009,3011,2975,2980,2984,2945,2978,2943,2937,3031
"890",1455,1501,1392,501,1189,1447,1122,1618,1332,90
"891",2860,2878,2880,2504,2830,2916,2841,2806,2629,2894
"892",1455,1392,1541,1608,1332,1447,1236,1549,1382,1546
"893",2845,2783,2827,2306,2753,2823,2295,2797,2351,2734
"894",2354,1940,2244,2055,2172,2048,2159,1826,2231,1780
"895",121,217,277,285,67,301,160,356,337,265
"896",1455,1189,1122,1392,1447,1043,1334,1332,1501,1236
"897",40,146,1618,1512,1536,46,1983,187,1499,1405
"898",2438,2281,2086,2236,2026,2070,2174,2298,1876,1878
"899",2222,2281,3001,2622,2954,2236,2845,2824,3039,3037
"900",2439,2156,2477,2189,2520,2309,2312,2365,2446,2472
"901",2993,3025,3012,3003,2832,2831,2969,3011,3030,2966
"902",2360,2298,2303,2269,2134,2309,2312,2365,2397,2229
"903",2077,2026,2070,2174,2148,2086,2189,2298,2134,2050
"904",3003,3034,2977,2997,2967,2598,2966,2954,2993,3025
"905",159,220,66,28,171,33,8,58,2,19
"906",1455,1189,1392,853,1304,1122,875,1230,1147,1447
"907",199,948,177,89,86,875,204,101,888,1230
"908",2281,2236,2298,2222,2349,2397,2446,2472,2481,2164
"909",2820,2804,2915,2819,2948,2707,3021,2806,2770,2540
"910",1455,1189,1392,1122,1447,1334,1332,1541,1236,1043
"911",2309,2312,2365,2972,2268,2380,2441,2303,2269,2981
"912",2189,2229,2214,2303,2269,2050,2156,2016,2111,2150
"913",3024,2954,3039,2860,2986,3005,3010,3022,2997,2967
"914",2829,2984,2975,3009,2945,2978,3011,2947,2980,2943
"915",2281,2236,2222,2298,2349,2446,2472,2481,2397,2202
"916",2783,2797,2827,2753,2845,2214,2810,2303,2823,2446
"917",1455,1392,1344,1447,1170,846,1334,1332,1541,1236
"918",1292,888,782,839,496,590,1,853,1304,545
"919",2804,2954,2819,2672,2957,2983,2749,3039,3003,3034
"920",1334,1344,1410,1170,1397,846,1264,1189,1261,856
"921",2298,2026,2070,2174,2360,2162,2077,2148,2229,2086
"922",2954,2672,3003,2997,2967,3024,2966,2884,3039,2598
"923",2298,2281,2397,2162,2360,2229,2349,2148,2569,2202
"924",2910,2768,2882,2593,2667,2540,2671,2711,2807,2760
"925",955,1455,1450,1539,1334,1225,853,1304,1019,888
"926",1455,1392,1541,1608,1332,1236,1189,1447,1549,1382
"927",2026,2070,2174,2086,2156,2288,2827,2281,2298,2189
"928",2298,2397,2439,2134,2358,2393,2309,2312,2365,2477
"929",853,1304,1147,875,1450,1539,1171,1334,1019,1455
"930",2334,1798,2015,2120,2192,2354,2235,40,2242,1617
"931",2298,2026,2070,2174,2134,2397,2250,2439,2360,2236
"932",2298,2026,2070,2174,2148,2250,2086,2134,2189,2050
"933",2954,3039,3024,2995,2997,2860,2967,3035,3003,2992
"934",2077,2148,2162,2298,2360,2229,2236,2046,2026,2070
"935",1455,1541,1608,1392,1549,1189,1132,1332,1236,1397
"936",2354,1157,1649,149,2180,2136,267,376,1935,40
"937",2281,2540,2309,2312,2365,2349,2162,2397,2360,2229
"938",1796,2134,2026,2070,2174,2086,2397,2298,2439,2365
"939",1334,1344,1170,846,1303,1455,1264,1261,1122,1397
"940",2818,1796,2134,2026,2070,2174,2298,2086,2781,2477
"941",2954,3024,2997,2967,2966,2728,3039,3003,2998,2910
"942",67,121,80,778,35,45,23,46,756,837
"943",1344,1170,846,1334,1455,795,893,965,1441,1264
"944",2281,2222,2446,2472,2481,2236,2026,2070,2174,2477
"945",2281,2349,2397,2309,2312,2365,2162,2360,2229,2380
"946",846,1304,1344,1334,1170,795,893,965,856,757
"947",1455,1653,853,1304,1189,875,1392,1230,1147,1558
"948",1455,1541,1608,1392,1549,1332,1236,1382,1189,1119
"949",2281,2236,2164,2349,2222,2298,2360,2397,2202,2162
"950",2281,2397,2309,2312,2365,2288,2162,2360,2229,2540
"951",2479,3039,2877,3003,3035,2862,2995,2983,2884,2802
"952",2298,2439,2397,2477,2358,2393,2520,2134,1796,2380
"953",1455,1334,1344,1170,846,1264,1261,1392,1397,1189
"954",2298,2397,2358,2393,2077,2026,2070,2174,2162,2202
"955",2540,2804,2915,2806,2819,2948,2770,2768,2820,2593
"956",2309,2312,2397,2365,2298,2360,1796,2358,2393,2134
"957",2540,2865,2521,2606,2086,2026,2070,2174,2156,1796
"958",1455,1189,1236,1122,1392,1334,1119,1155,851,1132
"959",1796,2489,2156,2189,2542,2050,2446,2472,2481,2438
"960",2214,2303,2105,2365,2309,2312,2162,2050,2019,2360
"961",1455,1189,1392,1122,853,1304,1447,1230,1147,1334
"962",3039,3007,3038,3035,3013,2134,3002,3000,3024,3037
"963",2026,2070,2174,2189,2086,2477,2162,2156,2360,2229
"964",2309,2312,2365,2268,2380,2441,2303,2269,2358,2393
"965",1334,1455,1122,1264,1447,1261,1397,1189,1344,1170
"966",3017,2910,2992,2954,2889,2936,2772,2897,3006,2693
"967",2236,2222,2281,2973,2288,2970,2632,2649,2613,2820
"968",2397,2281,2298,2380,2441,2162,2360,2229,2349,2309
"969",2309,2312,2365,2812,2288,2358,2393,2268,2757,2636
"970",2050,1763,2922,1796,2189,1986,1752,1904,2889,2936
"971",875,853,1304,38,1147,133,91,56,1450,1539
"972",1455,1392,1447,1189,1332,1122,1236,1501,851,1334
"973",1122,1334,1189,1043,1264,1261,1236,1397,1344,1170
"974",2086,38,2972,2026,2070,2174,2134,3007,2976,2981
"975",1334,1122,1264,1261,1397,1189,1043,1344,1170,846
"976",1334,1397,1236,1455,1264,1344,1170,1261,1191,856
"977",1344,1170,846,1334,1455,795,893,965,1441,856
"978",1455,875,1501,1189,853,1304,1392,1122,1230,1447
"979",1189,1236,1455,1334,1132,1397,851,1122,1264,1261
"980",2229,2298,2303,2269,2360,2214,2189,2309,2312,2365
"981",2281,2222,2077,2236,2189,2162,2229,2360,2026,2070
"982",1608,1957,2299,1549,1863,410,1408,1613,1677,1747
"983",2281,2077,2162,2360,2229,2236,1876,1878,1959,2214
"984",2281,2222,2236,2026,2070,2174,2189,2446,2472,2481
"985",2439,1796,2477,2309,2312,2365,2156,2520,2380,2441
"986",23,217,970,1451,690,1258,1342,80,67,1219
"987",2954,3003,2966,3034,2997,3024,2967,2884,2840,3039
"988",2954,3024,3003,3039,2997,2967,2966,2986,3005,3010
"989",3028,2281,2438,2999,3019,2298,2026,2070,2174,2836
"990",3022,3035,2954,3021,2992,2995,2910,3024,3033,3039
"991",1455,1189,1501,1392,1122,1447,1332,1334,1541,1236
"992",2439,2309,2312,2365,2477,2520,2380,2441,2268,2446
"993",2995,3022,3033,3021,3035,2954,3034,2786,2897,2992
"994",1334,1344,1170,846,1455,1264,1261,1397,795,893
"995",2303,2439,2269,2232,3007,2477,2309,2312,2365,2189
"996",2400,2358,2393,2309,2312,2365,2397,2074,2349,2268
"997",2823,2802,2845,2734,2295,2783,2306,2896,2827,2361
"998",2189,2446,2472,2481,2229,2222,2477,2439,2349,2214
"999",2298,2281,2397,2202,2162,2349,2360,2148,2229,2236
"1000",1455,1189,1392,1122,1447,1501,1332,1043,1236,1541
"1001",2954,3003,3024,2966,2997,2967,2946,2816,2897,2927
"1002",55,1344,265,1206,46,221,1101,1307,795,893
"1003",2823,2802,2250,2845,2222,2734,2933,2896,2996,2890
"1004",2189,2446,2472,2481,2214,2303,2050,2105,2229,2477
"1005",1455,1447,1392,1541,1608,1236,1332,1749,1122,1546
"1006",3024,3039,2860,2954,2986,3005,3010,3022,3035,2884
"1007",875,1809,192,66,1171,28,159,1129,980,1064
"1008",2189,2026,2070,2174,2446,2472,2481,2229,2222,2086
"1009",2281,2026,2070,2174,2086,2222,2189,1796,2236,2446
"1010",3003,2840,2879,2966,2954,2983,2977,2884,2854,3015
"1011",2354,2180,2256,2334,2235,2136,2322,1798,2015,2120
"1012",2148,2281,2077,2162,2360,2229,2236,2298,2046,2026
"1013",2477,2281,2446,2472,2481,2026,2070,2174,2189,2492
"1014",2298,2360,2380,2441,2349,2309,2312,2358,2393,2400
"1015",1344,1170,846,1334,856,757,1369,795,893,965
"1016",3003,2954,2966,3034,2997,2967,2747,2840,2822,3024
"1017",2298,2134,2026,2070,2174,2360,2086,2232,2303,2189
"1018",2446,2472,2481,2349,2281,2397,2477,2439,2380,2441
"1019",2214,2303,2400,2105,2358,2393,2309,2312,2298,2365
"1020",1334,1122,1455,1447,1264,1261,1043,1397,1344,1170
"1021",2954,3003,3024,3039,2966,2997,2967,2986,3005,3010
"1022",1344,1170,1334,846,1455,1122,1303,795,893,965
"1023",2298,2360,2397,2303,2269,2380,2441,2229,2309,2312
"1024",2189,2446,2472,2481,2229,2477,2016,2111,2150,2439
"1025",2134,2086,2527,2574,2232,2581,2667,2540,2026,2070
"1026",1189,1236,1455,1334,1132,1397,1122,1392,851,2057
"1027",1541,1608,1455,2057,1549,1846,1392,1693,735,1332
"1028",2298,2439,2026,2070,2174,2134,2397,2477,2309,2312
"1029",2189,2050,2229,2303,2269,2026,2070,2174,2232,1986
"1030",55,40,211,1206,265,187,337,46,146,221
"1031",2954,2804,2884,2819,3024,2997,2967,2897,2749,2983
"1032",1907,2487,2136,2238,2293,2055,1780,2225,1499,1891
"1033",67,83,121,2223,2419,23,2510,46,285,1125
"1034",2436,1978,1932,1839,1157,2078,2379,2146,2196,1110
"1035",1455,1447,1392,1541,1608,1546,1334,1332,1236,1397
"1036",2391,2223,2299,2181,2203,2331,2293,2241,2218,1397
"1037",2281,2229,2360,2162,2077,2298,2214,2148,2303,2269
"1038",2189,2360,2026,2070,2174,2232,2303,2229,2269,2298
"1039",1447,1546,1623,1683,1628,1397,1122,1410,856,757
"1040",2229,2189,2214,2303,2269,2360,2309,2312,2365,2156
"1041",1684,101,159,1796,1967,2026,2070,2174,171,2134
"1042",1236,1455,1119,1155,1541,1608,1149,1189,1479,1392
"1043",2281,2077,2236,2148,2162,2360,2229,2046,2164,2052
"1044",1455,1189,1392,1334,1236,1122,851,1332,1541,1608
"1045",2189,1796,2439,2050,2156,2477,2365,2298,2229,2250
"1046",2298,2397,2026,2070,2174,2360,2439,2358,2393,2250
"1047",2947,3027,2889,2936,2892,2958,3017,3008,3009,2934
"1048",1455,1392,1189,1447,1332,1541,1236,1608,1122,1501
"1049",2229,2162,2214,2303,2269,2360,2189,2349,2298,2026
"1050",3039,3024,2954,3035,3022,2986,3005,3010,2916,2970
"1051",2954,3024,2884,3039,2997,2967,2897,3003,2983,3022
"1052",2358,2393,2298,2214,2303,2309,2312,2400,2365,2792
"1053",1455,1501,1189,1392,1122,1447,1979,1304,1653,1700
"1054",1334,1455,1122,1264,1397,1261,1189,1043,1236,1191
"1055",2439,2189,2477,2520,2380,2441,2446,2472,2481,2229
"1056",67,46,83,110,55,72,121,1660,1410,96
"1057",2802,2865,2788,2823,2567,2601,2841,2799,2616,2635
"1058",2303,2269,2360,2309,2312,2365,2229,2268,2298,2380
"1059",602,674,730,1344,46,1536,1983,146,1940,758
"1060",1455,1392,1541,1608,1332,1225,1236,1447,1549,1119
"1061",923,1576,1416,1655,1258,1342,1057,1548,1457,1085
"1062",2950,2995,3022,2954,2872,79,2961,2778,2897,2875
"1063",2298,2026,2070,2174,2189,2360,2134,2086,2050,2303
"1064",2660,2189,2657,2050,2992,2998,2156,2907,2620,2987
"1065",2298,2448,2397,2944,2604,2358,2393,2134,2482,2805
"1066",1122,1334,1447,846,1501,795,893,965,1344,856
"1067",3014,2962,3018,3004,2881,2236,2288,2946,3003,2722
"1068",2298,2397,2358,2393,2360,2380,2441,2309,2312,2365
"1069",2782,2764,2978,2947,2829,2984,3009,3018,67,2943
"1070",1541,1608,1455,1236,1269,1392,2243,1479,1054,1549
"1071",2189,2281,2026,2070,2174,2222,2162,2229,2086,2236
"1072",2477,2446,2472,2481,2492,2542,2349,2439,2397,2281
"1073",1334,1455,1344,1264,1170,1261,846,1397,1189,1392
"1074",2360,2298,2303,2397,2269,2309,2312,2365,2380,2441
"1075",2281,2349,2309,2312,2162,2365,2397,2360,2229,2288
"1076",2354,1780,1826,2055,2127,2311,2136,2276,2238,2244
"1077",1344,1170,846,1334,1455,795,893,965,1441,856
"1078",40,5,49,90,53,68,46,79,9,187
"1079",1479,1541,1608,1455,1549,1551,1611,1177,1868,2243
"1080",2540,2910,2457,3000,2503,2768,2760,2593,2820,3001
"1081",1608,2299,1957,2237,1549,1613,1677,1455,1863,2341
"1082",2298,2303,2269,2360,2229,2309,2312,2365,2214,2380
"1083",2281,2222,2236,2026,2070,2174,2189,2086,2446,2472
"1084",3039,1796,2998,2981,3037,2916,3035,2987,3038,2526
"1085",3034,3003,2954,2966,2997,2967,3024,2854,2957,2840
"1086",1455,853,1189,1304,875,1122,1392,1501,1447,1230
"1087",2298,2281,2397,2349,2236,2202,2026,2070,2174,2358
"1088",2298,2397,2086,2026,2070,2174,2358,2393,2236,2380
"1089",2802,2823,2734,2845,2827,2783,2638,2692,2697,2735
"1090",2354,1940,2532,2244,1728,1780,2276,2048,2055,2172
"1091",2303,2269,2380,2441,2309,2312,2358,2393,2365,2229
"1092",2540,2503,2910,3000,3038,2882,2675,2804,2667,2468
"1093",3009,2881,2825,2928,3032,2971,3018,2851,3016,3004
"1094",49,322,1183,1324,168,92,416,1083,986,5
"1095",1334,1344,1170,846,1264,1261,1397,795,893,965
"1096",1455,1189,1392,1122,1447,1501,1332,1334,1236,1541
"1097",2026,2070,2174,2189,2446,2472,2481,2086,2477,2281
"1098",1455,1541,1392,1608,1236,1332,1549,1382,1447,1189
"1099",2354,1826,2322,2136,2334,2238,46,2235,2180,2341
"1100",2298,2026,2070,2174,2439,2134,2086,1796,2397,2477
"1101",2881,2962,3018,3014,3004,2904,3001,2946,2928,2947
"1102",2281,2349,2397,2380,2441,2446,2472,2481,2298,2400
"1103",1334,1344,1170,846,1264,1397,1261,1189,1122,795
"1104",2298,2397,2477,2349,2026,2070,2174,2446,2472,2481
"1105",2189,1796,2439,2156,2050,2477,2229,2298,2520,2232
"1106",2026,2070,2174,2189,2086,2156,2298,2162,2397,2360
"1107",2540,2503,2804,2882,2776,2667,3000,2781,2436,2479
"1108",2229,2269,2214,2162,2189,2232,2268,2148,2016,2111
"1109",2281,2309,2312,2349,2365,2540,2397,2162,2360,2229
"1110",1455,1334,1189,1122,1392,1447,1264,1261,1397,1043
"1111",2189,2439,2298,2477,2520,2229,2380,2441,2446,2472
"1112",2026,2070,2174,2189,2281,2222,2086,2162,2077,2360
"1113",3016,2893,3027,3009,2947,2943,1375,2889,2936,2766
"1114",2928,2832,2933,2881,3003,2890,2971,3032,2996,2879
"1115",2222,2281,2236,2164,2026,2070,2174,2077,2189,2446
"1116",2298,2397,2358,2393,2380,2441,2439,2026,2070,2174
"1117",3024,3039,2954,2986,3005,3010,3022,3035,2997,2967
"1118",1455,1189,1122,1334,1392,1236,1043,851,1447,1332
"1119",1455,1392,1541,1608,1332,1236,1549,1189,1382,1132
"1120",465,513,1628,399,856,1392,1447,2373,542,795
"1121",2298,2360,2303,2229,2269,2397,2309,2312,2365,2214
"1122",2802,2734,2823,2845,2896,2783,2735,2788,2862,2827
"1123",192,66,875,199,138,130,30,51,41,853
"1124",2298,2229,2148,2202,2397,2358,2393,2360,2380,2441
"1125",1983,1536,55,46,146,1724,110,187,1391,907
"1126",1455,1189,1122,1501,1392,1447,1236,1043,1334,501
"1127",2026,2070,2174,2077,2189,2086,2148,2162,2360,2229
"1128",1541,1455,1608,1549,1392,1546,1447,1666,1332,1236
"1129",2281,2540,2309,2312,2349,2365,2397,2162,2360,2229
"1130",2954,3024,3039,2997,2967,2884,2986,3005,3010,3003
"1131",3034,3033,3003,2953,2989,2994,2995,3022,3021,2598
"1132",2281,2349,2397,2446,2472,2481,2380,2441,2298,2438
"1133",1796,2477,2026,2070,2174,2156,2521,2189,2446,2472
"1134",2954,2884,2672,3039,3003,2997,3034,2967,2804,3024
"1135",2889,2936,2992,3017,2843,2910,2772,2922,2946,2988
"1136",2954,3024,3039,2884,2997,2967,3003,2966,3022,2986
"1137",1189,1334,1907,1236,2311,1455,1264,1499,1261,1410
"1138",2189,2229,2948,2156,2016,2111,2150,2050,2232,2214
"1139",2026,2070,2174,2360,2134,2298,2189,2086,2232,2303
"1140",2436,2910,2882,2667,1978,3000,2902,2503,2762,2146
"1141",1344,1170,846,1334,1720,1455,795,893,965,1838
"1142",2954,3039,3024,3035,2897,3022,2995,2860,2997,2967
"1143",2298,2189,2026,2070,2174,2360,2050,2232,2086,2303
"1144",2162,2360,2229,2214,2303,2077,2269,2309,2312,2365
"1145",2298,2360,2303,2269,2309,2312,2229,2162,2397,2365
"1146",875,199,1455,1377,1450,1539,853,1501,1304,192
"1147",1455,1392,1541,1608,1332,1236,1119,1155,1549,1447
"1148",2281,2236,2298,2349,2397,2624,2202,2360,2229,2535
"1149",1455,1392,1541,1608,1189,1332,1236,1549,1447,1382
"1150",2026,2070,2174,2086,2134,2156,2439,2309,2312,2298
"1151",1455,853,1304,875,1230,1147,1189,1392,1122,1450
"1152",1455,1344,1170,846,1334,795,893,965,1392,1441
"1153",140,1334,853,1304,1450,1539,1344,1455,1170,955
"1154",1455,1334,1344,1170,846,1264,1261,1392,1397,795
"1155",1455,1189,1392,1236,1332,1541,1608,1334,1122,851
"1156",3003,2966,2954,2840,2879,2884,2854,3015,2997,3024
"1157",2026,2070,2174,2086,2134,1796,2156,2189,2298,2439
"1158",1189,1334,1907,1264,1236,1261,55,1499,1397,2311
"1159",1334,1264,1261,1397,1189,1344,1170,1122,846,1455
"1160",2298,2229,2202,2397,2360,2162,2349,2214,2303,2380
"1161",2214,2303,2236,2400,2365,2309,2312,2358,2393,2202
"1162",853,1304,1147,1334,1450,1539,875,1455,1570,1171
"1163",1455,853,1304,875,1189,1230,1147,1392,1122,1447
"1164",2439,2358,2393,2520,2827,2446,2472,2481,2380,2441
"1165",104,119,118,140,189,41,157,94,1455,203
"1166",1488,1608,1618,1700,2237,1455,1499,2318,1609,907
"1167",2360,2162,2229,2298,2077,2148,2026,2070,2174,2309
"1168",3039,2954,3035,3024,2995,2997,2967,3000,3003,2986
"1169",1334,1455,853,1304,1450,1539,955,875,1147,1264
"1170",2954,3024,3039,2997,2967,3003,2986,3005,3010,3022
"1171",3039,2954,3024,3035,2983,2997,2967,2884,2995,3003
"1172",2026,2070,2174,2477,2446,2472,2481,2156,2086,2449
"1173",2189,2229,2446,2472,2481,2050,2016,2111,2150,2214
"1174",2446,2472,2481,2477,2281,2439,2349,2440,2156,2524
"1175",1541,1608,1455,1549,1392,1236,1332,1546,1447,1666
"1176",1334,1122,1264,1261,1397,1455,1189,1344,1170,1043
"1177",1189,1455,1334,1236,1122,851,1132,1264,1261,1332
"1178",1455,1392,1541,1608,1447,1332,1236,1189,1549,1382
"1179",1455,1392,1447,41,1541,1608,1332,1236,1546,199
"1180",2281,2236,2298,2164,2222,2349,2202,2397,2162,2360
"1181",2487,2114,1101,2238,2136,2055,2322,2334,2251,1780
"1182",2763,2614,2772,2707,2910,2777,2714,2702,2688,2675
"1183",2954,2884,3039,3024,2997,2967,3003,3033,2728,2986
"1184",1334,1122,1344,1170,1455,1447,846,1450,1539,1304
"1185",2026,2070,2174,2477,2281,2156,2446,2472,2481,2086
"1186",3022,3035,3011,3034,3033,2945,3003,2993,3025,3012
"1187",1455,1189,1122,1392,1334,1236,1447,1043,1332,1541
"1188",199,888,192,501,441,260,948,1230,322,648
"1189",199,192,1455,875,1501,66,1189,1122,853,1304
"1190",1455,1392,1189,1447,1122,1332,1541,1236,1608,1501
"1191",1397,1334,1455,1191,1410,1264,1261,1541,1608,1189
"1192",2823,2358,2393,2792,2365,2288,2400,2309,2312,2797
"1193",2281,2077,2236,2164,2162,1876,1878,1959,2222,2229
"1194",2311,40,567,46,146,5,1907,187,2494,151
"1195",2026,2070,2174,2134,2086,2156,2439,2309,2312,2298
"1196",1122,1623,1683,1447,1243,674,1334,1043,545,1899
"1197",2105,2365,2802,2823,2050,2895,2896,2214,2303,2306
"1198",2298,2026,2070,2174,2250,2134,2397,2360,2086,2358
"1199",1455,2431,1784,1623,1683,2225,2341,2425,2311,1855
"1200",2281,2236,2222,2649,2973,2845,2970,2632,2824,2804
"1201",2349,2440,2380,2441,2446,2472,2481,2358,2393,2881
"1202",2446,2472,2481,2397,2349,2477,2439,2400,2440,2524
"1203",1796,2026,2070,2174,2134,2086,2298,2439,2156,2397
"1204",2972,2309,2312,2298,2365,2397,2360,2358,2393,2581
"1205",2298,2397,2360,2981,2972,2309,2312,2365,2358,2393
"1206",399,1628,513,465,1447,376,451,370,385,2343
"1207",2156,2878,2880,2189,2916,1796,2439,2309,2312,2365
"1208",2298,2397,2360,2380,2441,2303,2358,2393,2269,2439
"1209",2298,2397,2360,2380,2441,2439,2202,2026,2070,2174
"1210",2189,2105,2026,2070,2174,1763,2222,2479,1654,1876
"1211",2298,2281,2162,2202,2236,2360,2229,2397,2349,2148
"1212",1455,1334,1397,1264,1447,1261,1392,1122,1332,1236
"1213",1455,1334,1344,1170,846,1264,1261,1392,1397,795
"1214",1455,1189,1392,1122,1447,1332,1334,1541,1236,1608
"1215",1189,1536,1983,1334,907,1236,211,1724,1391,55
"1216",2439,2309,2312,2303,2365,2269,1796,2189,2298,2360
"1217",2841,2860,2954,2878,2880,2948,2491,2584,3024,2744
"1218",40,5,9,38,49,90,187,68,146,61
"1219",1784,1455,1749,1843,1623,1683,1899,1501,1755,1189
"1220",2298,2397,2360,2380,2441,2303,2269,2358,2393,2400
"1221",1274,41,1455,1863,1891,1555,875,1149,955,1392
"1222",2397,2298,2380,2441,2439,2358,2393,2309,2312,2365
"1223",2349,2380,2441,2446,2472,2481,2360,2928,2999,2298
"1224",2988,2026,2070,2174,2086,2972,3007,2325,2981,3038
"1225",2298,2026,2070,2174,2397,1796,2134,2439,2358,2393
"1226",2667,2540,2757,2636,2907,2721,2503,2812,2865,2762
"1227",2360,2303,2269,2298,2309,2312,2365,2229,2162,2397
"1228",1455,1189,1122,1392,1447,1043,1334,1332,1501,1541
"1229",2764,2993,3025,3012,2705,3003,2614,2831,2598,2969
"1230",2802,2479,2250,2823,2788,2757,2862,1767,2735,2222
"1231",1236,1455,1846,1410,1397,1189,1334,1600,1873,2057
"1232",1334,1264,1410,1122,55,1307,1344,1170,1191,846
"1233",2134,2298,2232,2086,2360,2026,2070,2174,1796,2303
"1234",2309,2312,2365,2214,2303,2268,2400,2358,2393,2792
"1235",2309,2312,2365,2397,2360,2540,2162,2298,2229,2288
"1236",2954,3024,2997,2967,3039,3003,2728,2966,2986,3005
"1237",5,49,187,79,151,28,33,61,40,7
"1238",1447,1501,1258,1342,545,499,1085,778,590,1392
"1239",1455,501,199,1501,192,1377,1189,1450,1539,1392
"1240",1455,1189,1122,1392,1447,1043,1334,1236,1501,1332
"1241",2349,2380,2441,2446,2472,2481,2477,2400,2281,2360
"1242",2910,3020,3021,3022,2876,3035,2995,2905,3002,3024
"1243",2802,2823,2222,2845,2250,2735,2734,2862,2879,2236
"1244",2281,2222,2236,2827,2026,2070,2174,2862,2802,2735
"1245",2954,3024,3039,2997,2967,3022,2986,3005,3010,3003
"1246",1455,1447,1272,1122,1546,1623,1683,1541,1608,1392
"1247",40,146,187,46,90,68,1536,1983,5,79
"1248",3001,3036,2775,3003,2966,2816,2879,2840,2896,2996
"1249",3009,2763,2978,23,67,2829,2984,2705,2943,35
"1250",1455,1541,1608,1392,1549,1546,1447,1332,1236,1397
"1251",1541,1608,1455,1549,1392,1332,1236,1382,1397,1479
"1252",2477,2446,2472,2481,2156,2521,2492,2189,2542,2026
"1253",2540,2281,2503,2309,2312,2349,2365,2397,2162,2629
"1254",3003,2598,2672,2977,3034,2997,2967,2966,2954,3039
"1255",2026,2070,2174,2156,2189,2086,2439,2309,2312,2365
"1256",2954,3024,3039,2884,2997,2967,2804,3003,2983,2897
"1257",1447,1628,513,1546,399,1501,465,1171,1392,1304
"1258",2845,2281,2446,2472,2481,2827,2440,2802,2222,2477
"1259",2358,2393,2400,2309,2312,2365,2214,2303,2397,2298
"1260",2827,2439,2298,2397,2477,2134,2358,2393,2520,2792
"1261",2281,2236,2298,2164,2222,2077,2349,2202,2162,2397
"1262",2189,2229,2050,2016,2111,2150,2156,2214,2232,2303
"1263",1189,1122,1334,1236,1043,1455,1264,1132,1261,1397
"1264",1189,1122,1236,1334,1043,1455,851,1119,1155,1132
"1265",1455,1392,1189,1332,1236,1122,1541,1608,1447,1334
"1266",2360,2303,2298,2269,2309,2312,2365,2397,2148,2268
"1267",2349,2365,2303,2269,2962,2358,2393,2380,2441,2446
"1268",1455,1236,1397,1334,1189,1541,1608,1191,1332,1132
"1269",2298,2229,2214,2303,2269,2360,2189,2358,2393,2050
"1270",2148,2360,2298,2365,2397,2162,2229,2303,2269,2309
"1271",1344,1170,846,1334,1455,795,893,965,1441,856
"1272",3009,2978,2980,2829,2984,2937,3011,2947,2928,3008
"1273",199,1455,192,1189,1392,1230,1122,1332,1334,1236
"1274",2984,2943,2829,3011,2978,3009,2945,2980,2900,2975
"1275",2026,2070,2174,2189,2086,2134,2050,2229,2232,2303
"1276",2026,2070,2174,2156,2446,2472,2481,2477,2189,2086
"1277",40,1826,146,1780,2238,1499,1536,1983,1512,5
"1278",2397,2309,2312,2365,2298,2077,2360,2162,2229,2026
"1279",2446,2472,2481,2281,2156,2477,2439,2349,2026,2070
"1280",2281,2349,2397,2309,2312,2365,2162,2360,2229,2380
"1281",2148,2077,2281,2046,2162,2360,2229,2298,2026,2070
"1282",2077,2162,2360,2229,2236,1876,1878,1959,2281,2095
"1283",1455,1334,1122,1447,1392,1189,1264,1043,1261,1332
"1284",2026,2070,2174,2086,2148,2189,2298,2077,2134,2050
"1285",2222,2281,2236,2026,2070,2174,2189,2077,2164,2446
"1286",1455,1541,1608,1392,1236,1332,1447,1549,1272,1382
"1287",2298,2189,2026,2070,2174,2360,2229,2236,2281,2250
"1288",2298,2309,2312,2365,2397,2360,2358,2393,2268,2380
"1289",2439,2298,1796,2397,2449,2026,2070,2174,2477,2358
"1290",2349,2281,2397,2380,2441,2446,2472,2481,2624,2400
"1291",2298,2148,2086,2026,2070,2174,2134,2236,2360,2077
"1292",2540,2910,2503,2457,2675,3000,2768,2882,2772,2593
"1293",2298,2026,2070,2174,2134,2250,2086,2439,2397,2477
"1294",1628,1447,1623,1683,1501,1147,1392,1685,513,465
"1295",1455,1189,1392,1122,1334,1236,1447,1332,1541,1608
"1296",3035,2995,3022,3033,3021,2954,2992,3039,3034,3024
"1297",1455,1236,1541,1608,1189,1392,1397,1549,1132,1334
